{"initial_reset_timestamp": 1572425053.8996713, "timestamps": [1572425057.3581061, 1572425060.0757685, 1572425060.6404412, 1572425060.8270657, 1572425061.0540655, 1572425061.5165856, 1572425061.9876401, 1572425062.460159, 1572425065.9076295, 1572425066.4364882, 1572425066.894428, 1572425067.0737097, 1572425067.1277826, 1572425067.614655, 1572425068.1076639, 1572425068.4797056, 1572425068.9349291, 1572425069.3997877, 1572425069.7933881, 1572425070.2588017, 1572425070.5857642, 1572425071.0477242, 1572425071.5090427, 1572425071.945341, 1572425072.406595, 1572425072.8852365, 1572425073.3476794, 1572425074.0934925, 1572425074.6352515, 1572425075.1157038, 1572425075.2118773, 1572425075.67312, 1572425076.136208, 1572425076.5956354, 1572425076.6779869, 1572425076.8183727, 1572425077.2830796, 1572425077.7440538, 1572425078.2055614, 1572425078.6666675, 1572425079.1292632, 1572425079.5882473, 1572425080.0511625, 1572425080.5129163, 1572425080.9731205, 1572425081.0604374, 1572425081.5225968, 1572425081.9821599, 1572425082.4429858, 1572425082.893878, 1572425083.355435, 1572425083.5021408, 1572425083.9645107, 1572425084.4166572, 1572425084.8787165, 1572425085.349587, 1572425085.8100379, 1572425086.1609762, 1572425086.6207104, 1572425087.0861268, 1572425087.5482395, 1572425088.0084424, 1572425088.4710853, 1572425088.8596857, 1572425092.2763464, 1572425092.798411, 1572425093.2649467, 1572425093.783793, 1572425094.2651513, 1572425094.7308526, 1572425095.20297, 1572425095.6656396, 1572425096.1288927, 1572425096.2639346, 1572425096.6741664, 1572425097.0750356, 1572425097.544156, 1572425098.0075614, 1572425098.480511, 1572425098.6052883, 1572425099.071076, 1572425099.535025, 1572425099.9961476, 1572425100.4626515, 1572425100.924761, 1572425101.390224, 1572425101.851922, 1572425102.2594943, 1572425102.7206228, 1572425103.1846082, 1572425103.645725, 1572425103.8323236, 1572425104.3073037, 1572425104.7690375, 1572425105.2404156, 1572425105.708436, 1572425106.1715233, 1572425106.6361196, 1572425107.1003568, 1572425107.5618675], "episode_lengths": [200, 155, 200, 81, 98, 200, 200, 200, 200, 200, 200, 78, 23, 200, 200, 148, 196, 200, 166, 200, 142, 200, 200, 189, 200, 200, 200, 40, 200, 200, 42, 200, 200, 200, 36, 61, 200, 200, 200, 200, 200, 200, 200, 200, 200, 38, 200, 200, 200, 195, 200, 64, 200, 192, 200, 200, 200, 151, 200, 200, 200, 200, 200, 169, 200, 200, 200, 200, 200, 200, 200, 200, 200, 59, 172, 161, 200, 200, 200, 54, 200, 200, 200, 200, 200, 200, 200, 176, 200, 200, 200, 81, 200, 200, 200, 200, 200, 200, 200, 200], "episode_rewards": [200.0, 155.0, 200.0, 81.0, 98.0, 200.0, 200.0, 200.0, 200.0, 200.0, 200.0, 78.0, 23.0, 200.0, 200.0, 148.0, 196.0, 200.0, 166.0, 200.0, 142.0, 200.0, 200.0, 189.0, 200.0, 200.0, 200.0, 40.0, 200.0, 200.0, 42.0, 200.0, 200.0, 200.0, 36.0, 61.0, 200.0, 200.0, 200.0, 200.0, 200.0, 200.0, 200.0, 200.0, 200.0, 38.0, 200.0, 200.0, 200.0, 195.0, 200.0, 64.0, 200.0, 192.0, 200.0, 200.0, 200.0, 151.0, 200.0, 200.0, 200.0, 200.0, 200.0, 169.0, 200.0, 200.0, 200.0, 200.0, 200.0, 200.0, 200.0, 200.0, 200.0, 59.0, 172.0, 161.0, 200.0, 200.0, 200.0, 54.0, 200.0, 200.0, 200.0, 200.0, 200.0, 200.0, 200.0, 176.0, 200.0, 200.0, 200.0, 81.0, 200.0, 200.0, 200.0, 200.0, 200.0, 200.0, 200.0, 200.0], "episode_types": ["t", "t", "t", "t", "t", "t", "t", "t", "t", "t", "t", "t", "t", "t", "t", "t", "t", "t", "t", "t", "t", "t", "t", "t", "t", "t", "t", "t", "t", "t", "t", "t", "t", "t", "t", "t", "t", "t", "t", "t", "t", "t", "t", "t", "t", "t", "t", "t", "t", "t", "t", "t", "t", "t", "t", "t", "t", "t", "t", "t", "t", "t", "t", "t", "t", "t", "t", "t", "t", "t", "t", "t", "t", "t", "t", "t", "t", "t", "t", "t", "t", "t", "t", "t", "t", "t", "t", "t", "t", "t", "t", "t", "t", "t", "t", "t", "t", "t", "t", "t"]}